answer,correct_answer,score,length
Adam Sandler,Adam Sandler,1.0,12
Adam Sanlder,Adam Sandler,0.92,12
Adrien Brody,Adrien Brody,1.0,12
Adrien Browdy,Adrien Brody,0.96,13
Al Pacino,Al Pacino,1.0,9
Al Pacino,Al Pacino,1.0,9
Alan Alda,Alan Alda,1.0,9
Alan Alda,Alan Alda,1.0,9
Alan Arkin,Alan Arkin,1.0,10
Alan Arkin,Alan Arkin,1.0,10
Alan Rickman,Alan Rickman,1.0,12
Alan Rickman,Alan Rickman,1.0,12
Albert Brooks,Albert Brooks,1.0,13
Albert Brooks,Albert Brooks,1.0,13
Albert Finney,Albert Finney,1.0,13
Albert Finney,Albert Finney,1.0,13
Alec Baldwin,Alec Baldwin,1.0,12
Alec Baldwin,Alec Baldwin,1.0,12
Alfred Molina,Alfred Molina,1.0,13
Alfred yolina,Alfred Molina,0.92,13
Amanda Peet,Amanda Peet,1.0,11
Amanda Peet,Amanda Peet,1.0,11
Amy Adams,Amy Adams,1.0,9
Amy Adams,Amy Adams,1.0,9
Andei MacDowell,Andie MacDowell,0.93,15
Andie MacDowell,Andie MacDowell,1.0,15
Andy Garcia,Andy Garcia,1.0,11
Adny Garcia,Andy Garcia,0.91,11
Angelina Jolie,Angelina Jolie,1.0,14
Angelina Jolie,Angelina Jolie,1.0,14
Anna Paquin,Anna Paquin,1.0,11
Annx Paquin,Anna Paquin,0.91,11
Anne Hathawaxy,Anne Hathaway,0.96,14
Anne Hathaway,Anne Hathaway,1.0,13
Annette Bening,Annette Bening,1.0,14
Annette Bening,Annette Bening,1.0,14
enthony Hopkins,Anthony Hopkins,0.93,15
Anthony Hopkins,Anthony Hopkins,1.0,15
Anthony Quinn,Anthony Quinn,1.0,13
Anthony Quinn,Anthony Quinn,1.0,13
Antonio Banderas,Antonio Banderas,1.0,16
Antonio Banderas,Antonio Banderas,1.0,16
Arnold Schwarzenegger,Arnold Schwarzenegger,1.0,21
Arnold Schwarzenegger,Arnold Schwarzenegger,1.0,21
Barbara Hershey,Barbara Hershey,1.0,15
Barbara Herksey,Barbara Hershey,0.93,15
Beau Bridges,Beau Bridges,1.0,12
Beau Bridges,Beau Bridges,1.0,12
Ben Affleck,Ben Affleck,1.0,11
Ben Affleck,Ben Affleck,1.0,11
Ben Kingsley,Ben Kingsley,1.0,12
Ben Kingsley,Ben Kingsley,1.0,12
Ben Stiller,Ben Stiller,1.0,11
Ben Stiller,Ben Stiller,1.0,11
Benicio Del Toro,Benicio Del Toro,1.0,16
Benicio Del Toro,Benicio Del Toro,1.0,16
Bill Cosby,Bill Cosby,1.0,10
Bill Costy,Bill Cosby,0.9,10
Bill Murray,Bill Murray,1.0,11
Bill Murray,Bill Murray,1.0,11
Blil Pullman,Bill Pullman,0.92,12
Bill Pullman,Bill Pullman,1.0,12
Billy Crystal,Billy Crystal,1.0,13
Billy Crystal,Billy Crystal,1.0,13
Blair Underwood,Blair Underwood,1.0,15
Blair Underwood,Blair Underwood,1.0,15
Blythe Danner,Blythe Danner,1.0,13
Blythe Danner,Blythe Danner,1.0,13
Brad Pitt,Brad Pitt,1.0,9
Brad Pitt,Brad Pitt,1.0,9
Bradley Cooper,Bradley Cooper,1.0,14
Bradley Cooper,Bradley Cooper,1.0,14
Brendan Fraser,Brendan Fraser,1.0,14
Brendna Fraser,Brendan Fraser,0.93,14
Brian Cox,Brian Cox,1.0,9
Brian Cox,Brian Cox,1.0,9
Bridget Fonda,Bridget Fonda,1.0,13
Bridget Fonda,Bridget Fonda,1.0,13
Brooke Shvelds,Brooke Shields,0.93,14
Brooke Shields,Brooke Shields,1.0,14
Bruce Willib,Bruce Willis,0.92,12
Bruce Willis,Bruce Willis,1.0,12
Burt Reoynolds,Burt Reynolds,0.96,14
Burt Reynolds,Burt Reynolds,1.0,13
Cameron Diaz,Cameron Diaz,1.0,12
Cameron Diaz,Cameron Diaz,1.0,12
Candice Bergen,Candice Bergen,1.0,14
Candice Bergen,Candice Bergen,1.0,14
Cate Blanchett,Cate Blanchett,1.0,14
ate Blanchetth,Cate Blanchett,0.93,14
Catherine Keener,Catherine Keener,1.0,16
Catherine Keener,Catherine Keener,1.0,16
Catherine Zeta-Jones,Catherine Zeta-Jones,1.0,20
Caherine eta-Jones,Catherine Zeta-Jones,0.95,18
Charlie Sheen,Charlie Sheen,1.0,13
Cwharlie Sheen,Charlie Sheen,0.96,14
Charlize Theron,Charlize Theron,1.0,15
Charlize Threon,Charlize Theron,0.93,15
Chevy Chase,Chevy Chase,1.0,11
Chevy Chase,Chevy Chase,1.0,11
Chris Cooper,Chris Cooper,1.0,12
Chris Cooper,Chris Cooper,1.0,12
Chris Rock,Chris Rock,1.0,10
Chrsi Rock,Chris Rock,0.9,10
Christian Bale,Christian Bale,1.0,14
Christian Bale,Christian Bale,1.0,14
Christian Slater,Christian Slater,1.0,16
Christian Slater,Christian Slater,1.0,16
Christoph Waltz,Christoph Waltz,1.0,15
Christoph Waltz,Christoph Waltz,1.0,15
Christopher Plummer,Christopher Plummer,1.0,19
Christopher Plummer,Christopher Plummer,1.0,19
Christopher Walken,Christopher Walken,1.0,18
Christopher Walken,Christopher Walken,1.0,18
Clint Eastwood,Clint Eastwood,1.0,14
Clint Eastwsod,Clint Eastwood,0.93,14
Clive Owen,Clive Owen,1.0,10
Clive Owen,Clive Owen,1.0,10
Colin Farrell,Colin Farrell,1.0,13
Colin Farrell,Colin Farrell,1.0,13
Colin Firth,Colin Firth,1.0,11
Colin Firth,Colin Firth,1.0,11
Dan Aykod,Dan Aykroyd,0.9,9
Dan Aykroyd,Dan Aykroyd,1.0,11
Daniel Craig,Daniel Craig,1.0,12
Daniel aig,Daniel Craig,0.91,10
Daniel Day-Lewis,Daniel Day-Lewis,1.0,16
Daniel Day-Leiw,Daniel Day-Lewis,0.9,15
Daniel Radnclilffe,Daniel Radcliffe,0.94,18
Daniel Radcliffe,Daniel Radcliffe,1.0,16
Danny DeVito,Danny DeVito,1.0,12
Danny DeVito,Danny DeVito,1.0,12
Danny Glover,Danny Glover,1.0,12
Danny Glover,Danny Glover,1.0,12
Daryl Hannah,Daryl Hannah,1.0,12
Daryl Hannah,Daryl Hannah,1.0,12
David Duchovny,David Duchovny,1.0,14
DavidDchovny,David Duchovny,0.92,12
David Hasselhoff,David Hasselhoff,1.0,16
David Hasselhoff,David Hasselhoff,1.0,16
David Schwimmer,David Schwimmer,1.0,15
David Schwimmer,David Schwimmer,1.0,15
David Spade,David Spade,1.0,11
Davi Spade,David Spade,0.95,10
Debra Winger,Debra Winger,1.0,12
Debra Winger,Debra Winger,1.0,12
Demi Moore,Demi Moore,1.0,10
Demi Moore,Demi Moore,1.0,10
Denis Leary,Denis Leary,1.0,11
Denis Leary,Denis Leary,1.0,11
Dennis Hopper,Dennis Hopper,1.0,13
Dennis Hopper,Dennis Hopper,1.0,13
Dennis Miller,Dennis Miller,1.0,13
Dennis Miller,Dennis Miller,1.0,13
Denzel Washington,Denzel Washington,1.0,17
Denzel Washington,Denzel Washington,1.0,17
Don Cheadle,Don Cheadle,1.0,11
Don Cheadle,Don Cheadle,1.0,11
Donald Sutherland,Donald Sutherland,1.0,17
Donald Sutherland,Donald Sutherland,1.0,17
Drew Barrymore,Drew Barrymore,1.0,14
Drew Barrymore,Drew Barrymore,1.0,14
Dustin Hoffman,Dustin Hoffman,1.0,14
Dustin Hoffan,Dustin Hoffman,0.96,13
Ed Burns,Ed Burns,1.0,8
Ed cBurns,Ed Burns,0.94,9
Ed Harrhis,Ed Harris,0.95,10
Ed Harris,Ed Harris,1.0,9
Eddie Murphy,Eddie Murphy,1.0,12
Eddie Murphy,Eddie Murphy,1.0,12
Edward Norton,Edward Norton,1.0,13
Edward Norton,Edward Norton,1.0,13
Elijah Wood,Elijah Wood,1.0,11
Elijah Wood,Elijah Wood,1.0,11
Elisabeth Shue,Elisabeth Shue,1.0,14
Elisabeth Shue,Elisabeth Shue,1.0,14
Elizabeth Perkins,Elizabeth Perkins,1.0,17
Elizabeth Perkins,Elizabeth Perkins,1.0,17
Ellen Barkin,Ellen Barkin,1.0,12
Ellen Barkin,Ellen Barkin,1.0,12
Ellen Degeneres,Ellen Degeneres,1.0,15
Ellen Degeneres,Ellen Degeneres,1.0,15
Ellen Pago,Ellen Page,0.9,10
Ellen Page,Ellen Page,1.0,10
Elliott Gould,Elliott Gould,1.0,13
Elliatt Gould,Elliott Gould,0.92,13
Emily Blunt,Emily Blunt,1.0,11
Emily Blunt,Emily Blunt,1.0,11
Emma Stone,Emma Stone,1.0,10
Emma htone,Emma Stone,0.9,10
Emma Thompson,Emma Thompson,1.0,13
Emma Thopmson,Emma Thompson,0.92,13
Emma Watson,Emma Watson,1.0,11
Emma Wtson,Emma Watson,0.95,10
Ethan Hawke,Ethan Hawke,1.0,11
Ethan Hawke,Ethan Hawke,1.0,11
Eva Mepndes,Eva Mendes,0.95,11
EvaM endes,Eva Mendes,0.9,10
Ewan McGregor,Ewan McGregor,1.0,13
Ewan McGregor,Ewan McGregor,1.0,13
Forest Whitaker,Forest Whitaker,1.0,15
Forwst Witaker,Forest Whitaker,0.9,14
Frances Mcormand,Frances McDormand,0.97,16
Franstes McDormand,Frances McDormand,0.91,18
Frank Laengella,Frank Langella,0.97,15
Frank Langella,Frank Langella,1.0,14
Gabriel Byrne,Gabriel Byrne,1.0,13
Gabriel Byrne,Gabriel Byrne,1.0,13
Gayr Oldman,Gary Oldman,0.91,11
Gary Olddman,Gary Oldman,0.96,12
Gary Sinise,Gary Sinise,1.0,11
Gary Sinise,Gary Sinise,1.0,11
Gene Hackman,Gene Hackman,1.0,12
Gene sackman,Gene Hackman,0.92,12
Geoffrey Rush,Geoffrey Rush,1.0,13
Geoffrey Rush,Geoffrey Rush,1.0,13
George Clooney,George Clooney,1.0,14
George Clooney,George Clooney,1.0,14
George Lopez,George Lopez,1.0,12
George Lopez,George Lopez,1.0,12
Glen Clos,Glenn Close,0.9,9
Glenn Close,Glenn Close,1.0,11
Goldie Hawn,Goldie Hawn,1.0,11
Goldi Hawn,Goldie Hawn,0.95,10
Greg Kinnear,Greg Kinnear,1.0,12
Gerg Kinnear,Greg Kinnear,0.92,12
Guym Pearce,Guy Pearce,0.95,11
Guy Pearce,Guy Pearce,1.0,10
Gwyneth Paltrow,Gwyneth Paltrow,1.0,15
Gwynethh Paltrow,Gwyneth Paltrow,0.97,16
Halle Berry,Halle Berry,1.0,11
Halle Berry,Halle Berry,1.0,11
Harrisno Ford,Harrison Ford,0.92,13
Harrison Ford,Harrison Ford,1.0,13
Helen Hunt,Helen Hunt,1.0,10
Helen Hunt,Helen Hunt,1.0,10
Helen Mirren,Helen Mirren,1.0,12
Helen Mirren,Helen Mirren,1.0,12
Helena Bonham Carter,Helena Bonham Carter,1.0,20
Helena Bonham Carter,Helena Bonham Carter,1.0,20
olly Husnter,Holly Hunter,0.92,12
Holly Hunter,Holly Hunter,1.0,12
Hope Davis,Hope Davis,1.0,10
Hope Davis,Hope Davis,1.0,10
Hugh Grant,Hugh Grant,1.0,10
Hugh Grant,Hugh Grant,1.0,10
Hugh Jackman,Hugh Jackman,1.0,12
Hugh Jackman,Hugh Jackman,1.0,12
Ian Holm,Ian Holm,1.0,8
Ian Holm,Ian Holm,1.0,8
Isabella Rossellini,Isabella Rossellini,1.0,19
Isabella Rossellin,Isabella Rossellini,0.97,18
Jack Black,Jack Black,1.0,10
Jacqk Black,Jack Black,0.95,11
Jack Nicholson,Jack Nicholson,1.0,14
Jcak Nicholson,Jack Nicholson,0.93,14
Jackie Chan,Jackie Chan,1.0,11
Jackie Chan,Jackie Chan,1.0,11
Jake Gyllenhaal,Jake Gyllenhaal,1.0,15
Jake Gyllenhaal,Jake Gyllenhaal,1.0,15
James Gandolfini,James Gandolfini,1.0,16
James Gandolfini,James Gandolfini,1.0,16
James McAvoy,James McAvoy,1.0,12
James McAvoy,James McAvoy,1.0,12
James Woods,James Woods,1.0,11
James Woods,James Woods,1.0,11
Jamie Bell,Jamie Bell,1.0,10
Jamie Bell,Jamie Bell,1.0,10
Jamie Foxx,Jamie Foxx,1.0,10
Jamie Foxx,Jamie Foxx,1.0,10
Jamie Le Curish,Jamie Lee Curtis,0.9,15
Jamie Lee Curtis,Jamie Lee Curtis,1.0,16
Jane Fonda,Jane Fonda,1.0,10
Jane Fonda,Jane Fonda,1.0,10
Jason Bateman,Jason Bateman,1.0,13
Jason Bateman,Jason Bateman,1.0,13
Javier Bardem,Javier Bardem,1.0,13
Javier Bardem,Javier Bardem,1.0,13
Jeff Bridges,Jeff Bridges,1.0,12
Jeff Bridges,Jeff Bridges,1.0,12
Jeff Daniels,Jeff Daniels,1.0,12
Jeff Daniels,Jeff Daniels,1.0,12
Jeff Goldblum,Jeff Goldblum,1.0,13
Jeff Goldblum,Jeff Goldblum,1.0,13
Jeffrey Wright,Jeffrey Wright,1.0,14
Jeffrey Wright,Jeffrey Wright,1.0,14
Jennifer Aniston,Jennifer Aniston,1.0,16
Jennifer Aniston,Jennifer Aniston,1.0,16
Jennifer Connelly,Jennifer Connelly,1.0,17
Jennief Connelly,Jennifer Connelly,0.91,16
Jennifer Jason Leigh,Jennifer Jason Leigh,1.0,20
Jennifer Jason Laeigh,Jennifer Jason Leigh,0.98,21
Jennifer Lawrence,Jennifer Lawrence,1.0,17
Jennifer Lawrence,Jennifer Lawrence,1.0,17
Jennifer Loepz,Jennifer Lopez,0.93,14
Jennifer Lopez,Jennifer Lopez,1.0,14
Jeremy Irons,Jeremy Irons,1.0,12
Jeremy Irons,Jeremy Irons,1.0,12
Jeremy Renner,Jeremy Renner,1.0,13
Jeremy Renner,Jeremy Renner,1.0,13
Jerry Lewis,Jerry Lewis,1.0,11
Jerry Lewis,Jerry Lewis,1.0,11
Jessica Chastain,Jessica Chastain,1.0,16
Jessica Chastain,Jessica Chastain,1.0,16
Jill Clayburgh,Jill Clayburgh,1.0,14
Jill Clayburgh,Jill Clayburgh,1.0,14
Jim Belushi,Jim Belushi,1.0,11
Jim Belurhi,Jim Belushi,0.91,11
Jim Carrey,Jim Carrey,1.0,10
Jim Carrey,Jim Carrey,1.0,10
Jimmy Smits,Jimmy Smits,1.0,11
Jimmy Smits,Jimmy Smits,1.0,11
Joan Cusack,Joan Cusack,1.0,11
Joan Cusack,Joan Cusack,1.0,11
Joaquin Phoenix,Joaquin Phoenix,1.0,15
Joaquin Phoenix,Joaquin Phoenix,1.0,15
Joddie Foter,Jodie Foster,0.92,12
Jodie Foster,Jodie Foster,1.0,12
Joe Pesci,Joe Pesci,1.0,9
Jo Pesci,Joe Pesci,0.94,8
Jon uC. Reilly,John C. Reilly,0.93,14
John C. Reilly,John C. Reilly,1.0,14
John Cusack,John Cusack,1.0,11
John Cusack,John Cusack,1.0,11
John Goodman,John Goodman,1.0,12
JohncGoodman,John Goodman,0.92,12
John Hawkes,John Hawkes,1.0,11
John Hawkes,John Hawkes,1.0,11
John Leguizamo,John Leguizamo,1.0,14
John Leguizamo,John Leguizamo,1.0,14
John Malkovich,John Malkovich,1.0,14
John Malkovich,John Malkovich,1.0,14
John nravolta,John Travolta,0.92,13
John Tratolta,John Travolta,0.92,13
John Turturro,John Turturro,1.0,13
John Turturro,John Turturro,1.0,13
Johnny Depp,Johnny Depp,1.0,11
Johnny Depp,Johnny Depp,1.0,11
Jo Hamm,Jon Hamm,0.93,7
Jon Hamm,Jon Hamm,1.0,8
Jon Voight,Jon Voight,1.0,10
Jon Voight,Jon Voight,1.0,10
Jonaf Hill,Jonah Hill,0.9,10
Jonah Hill,Jonah Hill,1.0,10
JosephGordon-Levitt,Joseph Gordon-Levitt,0.97,19
Joseph Gordon-Levitt,Joseph Gordon-Levitt,1.0,20
Josh Brolin,Josh Brolin,1.0,11
Josh Brolin,Josh Brolin,1.0,11
Jude Law,Jude Law,1.0,8
Jude Law,Jude Law,1.0,8
Judi Dench,Judi Dench,1.0,10
Judi Dench,Judi Dench,1.0,10
Julia Roberts,Julia Roberts,1.0,13
Julia Robecrts,Julia Roberts,0.96,14
Julianne Moore,Julianne Moore,1.0,14
Julianne Moore,Julianne Moore,1.0,14
Juliette Binoche,Juliette Binoche,1.0,16
Juliette Binoche,Juliette Binoche,1.0,16
Kate Hudson,Kate Hudson,1.0,11
Kate Hudson,Kate Hudson,1.0,11
Kate Winslet,Kate Winslet,1.0,12
Kate Winslet,Kate Winslet,1.0,12
Kathleen Turner,Kathleen Turner,1.0,15
Kathleen Turner,Kathleen Turner,1.0,15
Kathy Bates,Kathy Bates,1.0,11
Kathy Bates,Kathy Bates,1.0,11
Keanu Reeves,Keanu Reeves,1.0,12
Keanu Reeqves,Keanu Reeves,0.96,13
Keira Knightley,Keira Knightley,1.0,15
Keira Knightley,Keira Knightley,1.0,15
Kelly MacDonald,Kelly MacDonald,1.0,15
Kellw Maconald,Kelly MacDonald,0.9,14
Kenneth Branagh,Kenneth Branagh,1.0,15
Kenneth Branagh,Kenneth Branagh,1.0,15
Kevin Bacon,Kevin Bacon,1.0,11
Kevin Bacon,Kevin Bacon,1.0,11
Kevin Costner,Kevin Costner,1.0,13
Kevin Costner,Kevin Costner,1.0,13
Kvin Jamoes,Kevin James,0.91,11
Kevin pames,Kevin James,0.91,11
Kevin Spacey,Kevin Spacey,1.0,12
Kevin Spacey,Kevin Spacey,1.0,12
Kiefer Sutherland,Kiefer Sutherland,1.0,17
Kiefer Sutherland,Kiefer Sutherland,1.0,17
Kim Basinger,Kim Basinger,1.0,12
Kim Basinger,Kim Basinger,1.0,12
Kirsten uDnst,Kirsten Dunst,0.92,13
Kirsten Dunst,Kirsten Dunst,1.0,13
Kristin Scott Thomas,Kristin Scott Thomas,1.0,20
Kristin Scott Thuemeas,Kristin Scott Thomas,0.9,22
Kurt Russell,Kurt Russell,1.0,12
Kurt Russell,Kurt Russell,1.0,12
Kyle MacLachlan,Kyle MacLachlan,1.0,15
Kyle MacLachlan,Kyle MacLachlan,1.0,15
Laura Dern,Laura Dern,1.0,10
Laura Dern,Laura Dern,1.0,10
Laura Linney,Laura Linney,1.0,12
Laura Linney,Laura Linney,1.0,12
Leonardo DiCaprio,Leonardo DiCaprio,1.0,17
Leonardo DiCaprio,Leonardo DiCaprio,1.0,17
Liam Neeson,Liam Neeson,1.0,11
Liam Neson,Liam Neeson,0.95,10
Liev Schreiber,Liev Schreiber,1.0,14
Liev Schreiber,Liev Schreiber,1.0,14
Lindsay Lohan,Lindsay Lohan,1.0,13
Lindsay Lohan,Lindsay Lohan,1.0,13
Liv Tyler,Liv Tyler,1.0,9
Liv Tyler,Liv Tyler,1.0,9
Lucy Liu,Lucy Liu,1.0,8
Lucy Liu,Lucy Liu,1.0,8
Macaulay Culkin,Macaulay Culkin,1.0,15
Machaulay Cuzkin,Macaulay Culkin,0.9,16
Maggie Gyllenhaal,Maggie Gyllenhaal,1.0,17
Maggie Gyllenhaal,Maggie Gyllenhaal,1.0,17
Malcylm McDowell,Malcolm McDowell,0.94,16
MalcolmfvMcDowell,Malcolm McDowell,0.91,17
Marion Coeilllard,Marion Cotillard,0.91,17
Marion Cotillard,Marion Cotillard,1.0,16
Marise Tomei,Marisa Tomei,0.92,12
Marisa Tomei,Marisa Tomei,1.0,12
Mark Ruffalo,Mark Ruffalo,1.0,12
Mark Ruffalo,Mark Ruffalo,1.0,12
Mark Wahlberg,Mark Wahlberg,1.0,13
Mark Wahlberg,Mark Wahlberg,1.0,13
Martin Lawrence,Martin Lawrence,1.0,15
Martin Lawrence,Martin Lawrence,1.0,15
Martin Sheen,Martin Sheen,1.0,12
Martin Sheen,Martin Sheen,1.0,12
Mary Steenburgen,Mary Steenburgen,1.0,16
Mary Steenburgen,Mary Steenburgen,1.0,16
Mary-Louise Parker,Mary-Louise Parker,1.0,18
Mary-Louise Parker,Mary-Louise Parker,1.0,18
Matt Damon,Matt Damon,1.0,10
Matt Dgmon,Matt Damon,0.9,10
Matthew Broderick,Matthew Broderick,1.0,17
Matthew Broderick,Matthew Broderick,1.0,17
Meg Ryan,Meg Ryan,1.0,8
Meg Ryan,Meg Ryan,1.0,8
Mel Gihbson,Mel Gibson,0.95,11
Mel Gibson,Mel Gibson,1.0,10
Meryl Streep,Meryl Streep,1.0,12
Meryl Streep,Meryl Streep,1.0,12
Michael Douglas,Michael Douglas,1.0,15
Micheael Douglsa,Michael Douglas,0.9,16
ichael Fassbeneder,Michael Fassbender,0.94,18
Michael Fassbender,Michael Fassbender,1.0,18
Michael J. Fox,Michael J. Fox,1.0,14
Michael J. Fox,Michael J. Fox,1.0,14
Michael Keaton,Michael Keaton,1.0,14
Michael Keaton,Michael Keaton,1.0,14
Michael Shannon,Michael Shannon,1.0,15
Michael Shannon,Michael Shannon,1.0,15
Michelle Pfeiffer,Michelle Pfeiffer,1.0,17
Michelle Pfeiffer,Michelle Pfeiffer,1.0,17
Mickey Rourke,Mickey Rourke,1.0,13
Mickey Rourke,Mickey Rourke,1.0,13
Mike Myers,Mike Myers,1.0,10
Mike Myers,Mike Myers,1.0,10
Minnie Driver,Minnie Driver,1.0,13
Minnie Driver,Minnie Driver,1.0,13
Mira Sorvino,Mira Sorvino,1.0,12
Mira Sorvino,Mira Sorvino,1.0,12
Mirana Rihardson,Miranda Richardson,0.94,16
Miranda Richardson,Miranda Richardson,1.0,18
Morgan Freeman,Morgan Freeman,1.0,14
Morgan Freqmban,Morgan Freeman,0.9,15
Naomi Watts,Naomi Watts,1.0,11
Naomi Watts,Naomi Watts,1.0,11
Natalie Portman,Natalie Portman,1.0,15
Natalie Portman,Natalie Portman,1.0,15
Nathan Lane,Nathan Lane,1.0,11
Nathan Lane,Nathan Lane,1.0,11
Nicholas Cage,Nicholas Cage,1.0,13
Nicholas Cage,Nicholas Cage,1.0,13
Nick Nolte,Nick Nolte,1.0,10
Nick Nolte,Nick Nolte,1.0,10
Nicole Kidman,Nicole Kidman,1.0,13
Nicole Kidman,Nicole Kidman,1.0,13
Oliver Platt,Oliver Platt,1.0,12
Oliver Platt,Oliver Platt,1.0,12
Orlado Bloom,Orlando Bloom,0.96,12
Orlando Bloom,Orlando Bloom,1.0,13
Owen Wilson,Owen Wilson,1.0,11
Owen Wislon,Owen Wilson,0.91,11
Patricia Arquette,Patricia Arquette,1.0,17
Patricia Arquette,Patricia Arquette,1.0,17
Paul Dano,Paul Dano,1.0,9
Paul Dano,Paul Dano,1.0,9
Paul Giamatti,Paul Giamatti,1.0,13
Paul Giamatti,Paul Giamatti,1.0,13
Paul Newman,Paul Newman,1.0,11
Paul Newamn,Paul Newman,0.91,11
Paul Rudd,Paul Rudd,1.0,9
Pul Rudd,Paul Rudd,0.94,8
Penelope Cruz,Penelope Cruz,1.0,13
Penelope Cruz,Penelope Cruz,1.0,13
Peter Coyote,Peter Coyote,1.0,12
Peter Coyote,Peter Coyote,1.0,12
Peter Gallagher,Peter Gallagher,1.0,15
Peter Gallagher,Peter Gallagher,1.0,15
Peter O'toole,Peter O'toole,1.0,13
Peter O'toole,Peter O'toole,1.0,13
Peter Sarsgaard,Peter Sarsgaard,1.0,15
Peter Sarsgaard,Peter Sarsgaard,1.0,15
Philip Seymour Hoffman,Philip Seymour Hoffman,1.0,22
Philip Seymour Hoffman,Philip Seymour Hoffman,1.0,22
Pierce Brosnan,Pierce Brosnan,1.0,14
Pierce Brosnan,Pierce Brosnan,1.0,14
Rachel McAdams,Rachel McAdams,1.0,14
Rachel McAdams,Rachel McAdams,1.0,14
Ralph Fiennes,Ralph Fiennes,1.0,13
Ralph Fiednes,Ralph Fiennes,0.92,13
Reese Witherspoon,Reese Witherspoon,1.0,17
Reesxe Witherspoon,Reese Witherspoon,0.97,18
Rene Russo,Rene Russo,1.0,10
Renu Russo,Rene Russo,0.9,10
Renee Zellweger,Renee Zellweger,1.0,15
Renee Zellweger,Renee Zellweger,1.0,15
RichardGere,Richard Gere,0.96,11
Richard Geer,Richard Gere,0.92,12
Ricky Gervais,Ricky Gervais,1.0,13
Ricky Gervais,Ricky Gervais,1.0,13
Rob Lowe,Rob Lowe,1.0,8
Ro Lowe,Rob Lowe,0.93,7
Rob Schneider,Rob Schneider,1.0,13
Rob Schneider,Rob Schneider,1.0,13
Robert De Niro,Robert De Niro,1.0,14
Robert De Niro,Robert De Niro,1.0,14
Robert Downey Jr.,Robert Downey Jr.,1.0,17
Robert Downey Jr.,Robert Downey Jr.,1.0,17
Roert Duval,Robert Duvall,0.92,11
Robet Duvall,Robert Duvall,0.96,12
Robert Redford,Robert Redford,1.0,14
Robert Redford,Robert Redford,1.0,14
Robin Williams,Robin Williams,1.0,14
Robin Williams,Robin Williams,1.0,14
Roger Moore,Roger Moore,1.0,11
Rogewr Moore,Roger Moore,0.96,12
Rosanna Arquette,Rosanna Arquette,1.0,16
Rosanna Arquette,Rosanna Arquette,1.0,16
Rosie Perez,Rosie Perez,1.0,11
Roise Perez,Rosie Perez,0.91,11
Roy Snheider,Roy Scheider,0.92,12
Roy Scheider,Roy Scheider,1.0,12
Russell Crowe,Russell Crowe,1.0,13
Russell Crowe,Russell Crowe,1.0,13
Ryan Gosling,Ryan Gosling,1.0,12
Ryan Gosling,Ryan Gosling,1.0,12
Ryan Reynolds,Ryan Reynolds,1.0,13
Ryan Reynolds,Ryan Reynolds,1.0,13
Sally Fields,Sally Fields,1.0,12
Sally Fielss,Sally Fields,0.92,12
Salma Hayek,Salma Hayek,1.0,11
Salma Hayek,Salma Hayek,1.0,11
Sam Shepard,Sam Shepard,1.0,11
Sam Shepadr,Sam Shepard,0.91,11
Sam Worthington,Sam Worthington,1.0,15
Sam Worthington,Sam Worthington,1.0,15
Samuel L. Jackson,Samuel L. Jackson,1.0,17
Samuel L. Jackson,Samuel L. Jackson,1.0,17
Sandra Bullock,Sandra Bullock,1.0,14
Sandra Bullock,Sandra Bullock,1.0,14
Sarah Jessica Parker,Sarah Jessica Parker,1.0,20
Sarah Jessica Parker,Sarah Jessica Parker,1.0,20
Scalrett Johansson,Scarlett Johansson,0.94,18
Sparlett Johansson,Scarlett Johansson,0.94,18
Sean Connery,Sean Connery,1.0,12
Saen Connery,Sean Connery,0.92,12
Sean Penn,Sean Penn,1.0,9
Sean enn,Sean Penn,0.94,8
Seth Rogen,Seth Rogen,1.0,10
Seth Rogen,Seth Rogen,1.0,10
Sharon Stone,Sharon Stone,1.0,12
SharonS tone,Sharon Stone,0.92,12
Sidney Poitier,Sidney Poitier,1.0,14
Sidney Poitier,Sidney Poitier,1.0,14
Sigourney Weaver,Sigourney Weaver,1.0,16
Sigourney Weaver,Sigourney Weaver,1.0,16
Sissy Spacek,Sissy Spacek,1.0,12
Sissy Spacek,Sissy Spacek,1.0,12
Stanley Tucci,Stanley Tucci,1.0,13
Stanley Tucci,Stanley Tucci,1.0,13
Steve Buscemi,Steve Buscemi,1.0,13
Steve Buscemi,Steve Buscemi,1.0,13
Stev Carell,Steve Carell,0.96,11
Steve Carell,Steve Carell,1.0,12
Steve Martin,Steve Martin,1.0,12
Steve Martin,Steve Martin,1.0,12
Steven Seagal,Steven Seagal,1.0,13
Stevenp Seagal,Steven Seagal,0.96,14
Sylvese rStallone,Sylvester Stallone,0.91,17
Sylvester Stallone,Sylvester Stallone,1.0,18
Tea Leoni,Tea Leoni,1.0,9
Tea Leoni,Tea Leoni,1.0,9
Tilda Swinton,Tilda Swinton,1.0,13
Tilaa Swinton,Tilda Swinton,0.92,13
Tim Blake Nelson,Tim Blake Nelson,1.0,16
Tim Blake Nelson,Tim Blake Nelson,1.0,16
Tim Robbinst,Tim Robbins,0.96,12
Tim Robbins,Tim Robbins,1.0,11
Timothy Dalton,Timothy Dalton,1.0,14
Timothy Daltno,Timothy Dalton,0.93,14
Tobet Maguire,Tobey Maguire,0.92,13
Tobey Maguire,Tobey Maguire,1.0,13
Tom Arnold,Tom Arnold,1.0,10
Tom Arnold,Tom Arnold,1.0,10
Tom Cruise,Tom Cruise,1.0,10
Tom Crise,Tom Cruise,0.95,9
Tom Hanks,Tom Hanks,1.0,9
Tom Hanks,Tom Hanks,1.0,9
Tom Hardy,Tom Hardy,1.0,9
Tom Hard,Tom Hardy,0.94,8
Tom Wilkinson,Tom Wilkinson,1.0,13
Tom Wilkinson,Tom Wilkinson,1.0,13
Tommy Lee Jones,Tommy Lee Jones,1.0,15
Tommy Lee Jones,Tommy Lee Jones,1.0,15
Toni Collettse,Toni Collette,0.96,14
Toni Collette,Toni Collette,1.0,13
Tracey Ullman,Tracey Ullman,1.0,13
Tracey Ullman,Tracey Ullman,1.0,13
Uma Thurman,Uma Thurman,1.0,11
Um aThurman,Uma Thurman,0.91,11
Val iKlmer,Val Kilmer,0.9,10
Val Kilmer,Val Kilmer,1.0,10
Varessa edgrave,Vanessa Redgrave,0.9,15
Vanessa Redgrave,Vanessa Redgrave,1.0,16
Viggo Mortensen,Viggo Mortensen,1.0,15
Viggo Mortensen,Viggo Mortensen,1.0,15
Vince Vaughn,Vince Vaughn,1.0,12
Vince Vaughn,Vince Vaughn,1.0,12
Will Ferrell,Will Ferrell,1.0,12
Will Ferrell,Will Ferrell,1.0,12
Will Smith,Will Smith,1.0,10
Will Smith,Will Smith,1.0,10
Willem Dafe,Willem Dafoe,0.96,11
Willem Dafoe,Willem Dafoe,1.0,12
William Hurt,William Hurt,1.0,12
William Hurt,William Hurt,1.0,12
Wiona Ryder,Winona Ryder,0.96,11
Winona Ryder,Winona Ryder,1.0,12
Woody Allen,Woody Allen,1.0,11
Woody Alen,Woody Allen,0.95,10
Zach Galifianakis,Zach Galifianakis,1.0,17
Zach Galifianakis,Zach Galifianakis,1.0,17
